<?xml version="1.0" encoding="UTF-8" ?>
<XMLDB PATH="question/type/iiitbsql/db" VERSION="20120122" COMMENT="XMLDB file for Moodle question/type/iiitbsql"
    xmlns:xsi="http://www.w3.org/2001/XMLSchema-instance"
    xsi:noNamespaceSchemaLocation="../../../../lib/xmldb/xmldb.xsd"
>
  <TABLES>
    <TABLE NAME="question_iiitbsql" COMMENT="Options for iiitbsql questions">
      <FIELDS>
        <FIELD NAME="id" TYPE="int" LENGTH="10" NOTNULL="true" SEQUENCE="true" NEXT="question"/>
        <FIELD NAME="question" TYPE="int" LENGTH="10" NOTNULL="true" DEFAULT="0" SEQUENCE="false" COMMENT="Foreign key references question.id." PREVIOUS="id" NEXT="answers"/>
        <FIELD NAME="answers" TYPE="char" LENGTH="255" NOTNULL="true" SEQUENCE="false" COMMENT="Redundant. Comma-separated list of question_answer ids. SELECT id FROM question_answers WHERE question = ? ORDER BY id." PREVIOUS="question" NEXT="usecase"/>
        <FIELD NAME="usecase" TYPE="int" LENGTH="2" NOTNULL="true" DEFAULT="0" SEQUENCE="false" COMMENT="Whether answers are matched case-sensitively." PREVIOUS="answers" NEXT="dbname"/>
        <FIELD NAME="dbname" TYPE="char" LENGTH="255" NOTNULL="true" DEFAULT="0" SEQUENCE="false" COMMENT="Name of the database related to this particular question" PREVIOUS="usecase"/>
      </FIELDS>
      <KEYS>
        <KEY NAME="primary" TYPE="primary" FIELDS="id" NEXT="question"/>
        <KEY NAME="question" TYPE="foreign" FIELDS="question" REFTABLE="question" REFFIELDS="id" PREVIOUS="primary"/>
      </KEYS>
    </TABLE>
  </TABLES>
</XMLDB>
