<?xml version="1.0" encoding="UTF-8" ?>
<XMLDB PATH="question/type/xsdvalidator/db" VERSION="20180410" COMMENT="Database schema definition for the reverse pattern-match question type."
       xmlns:xsi="http://www.w3.org/2001/XMLSchema-instance"
       xsi:noNamespaceSchemaLocation="../../../../lib/xmldb/xmldb.xsd"
>
  <TABLES>
    <TABLE NAME="qtype_xsdvalidator_options" COMMENT="Stores the question-type specific options for reverse pattern-match questions">
      <FIELDS>
        <FIELD NAME="id" TYPE="int" LENGTH="10" NOTNULL="true" SEQUENCE="true"/>
        <FIELD NAME="questionid" TYPE="int" LENGTH="10" NOTNULL="true" DEFAULT="0" SEQUENCE="false" COMMENT="Foreign key link to question.id."/>
        <FIELD NAME="correctfeedback" TYPE="text" NOTNULL="true" SEQUENCE="false" COMMENT="Feedback shown for any correct response."/>
        <FIELD NAME="correctfeedbackformat" TYPE="int" LENGTH="2" NOTNULL="true" DEFAULT="0" SEQUENCE="false"/>
        <FIELD NAME="partiallycorrectfeedback" TYPE="text" NOTNULL="true" SEQUENCE="false" COMMENT="Feedback shown for any partially correct response."/>
        <FIELD NAME="partiallycorrectfeedbackformat" TYPE="int" LENGTH="2" NOTNULL="true" DEFAULT="0" SEQUENCE="false"/>
        <FIELD NAME="incorrectfeedback" TYPE="text" NOTNULL="true" SEQUENCE="false" COMMENT="Feedback shown for any incorrect response."/>
        <FIELD NAME="incorrectfeedbackformat" TYPE="int" LENGTH="2" NOTNULL="true" DEFAULT="0" SEQUENCE="false"/>
      </FIELDS>
      <KEYS>
        <KEY NAME="primary" TYPE="primary" FIELDS="id"/>
        <KEY NAME="questionid" TYPE="foreign-unique" FIELDS="questionid" REFTABLE="question" REFFIELDS="id"/>
      </KEYS>
    </TABLE>
  </TABLES>
</XMLDB>
